{"cameraMode":{"drawMode":0,"name":"Shaded","section":"Shading Mode"},"sceneLighting":true,"audioPlay":false,"sceneViewState":{"showFog":true,"showMaterialUpdate":false,"showSkybox":true,"showFlares":true,"showImageEffects":true,"showParticleSystems":true},"in2DMode":false,"pivot":{"x":17.476913452148439,"y":-21.09992027282715,"z":19.858287811279298},"rotation":{"x":0.31400996446609499,"y":-0.024418171495199205,"z":0.008052854798734188,"w":0.9491108655929565},"size":27.34292221069336,"orthographic":false}